{
	"description": "项目配置文件。",
	"setting": {
		"urlCheck": false,
		"es6": true,
		"postcss": true,
		"minified": true,
		"newFeature": true
	},
	"compileType": "miniprogram",
	"libVersion": "1.9.91",
	"appid": "wx0642e08e89280b67",
	"projectname": "02-locally-life",
	"isGameTourist": false,
	"condition": {
		"search": {
			"current": -1,
			"list": []
		},
		"conversation": {
			"current": -1,
			"list": []
		},
		"game": {
			"currentL": -1,
			"list": []
		},
		"miniprogram": {
			"current": -1,
			"list": [
				{
					"id": -1,
					"name": "list",
					"pathName": "pages/list/list",
					"query": "id=2"
				},
				{
					"id": 1,
					"name": "detail",
					"pathName": "pages/detail/detail",
					"query": "id=48"
				}
			]
		}
	}
}