{
	"description": "项目配置文件。",
	"setting": {
		"urlCheck": false,
		"es6": true,
		"postcss": true,
		"minified": true,
		"newFeature": true
	},
	"compileType": "miniprogram",
	"libVersion": "2.10.3",
	"appid": "wx3f2a904342263e2e",
	"projectname": "wxFrame",
	"isGameTourist": false,
	"simulatorType": "wechat",
	"simulatorPluginLibVersion": {},
	"condition": {
		"search": {
			"current": -1,
			"list": []
		},
		"conversation": {
			"current": -1,
			"list": []
		},
		"plugin": {
			"current": -1,
			"list": []
		},
		"game": {
			"currentL": -1,
			"list": []
		},
		"miniprogram": {
			"current": 1,
			"list": [
				{
					"id": -1,
					"name": "空白内页",
					"pathName": "pages/page/page",
					"query": ""
				},
				{
					"id": 1,
					"name": "首页-通过分享打开",
					"pathName": "pages/index/index",
					"query": "scene=oVNVo5G2luGcGvM8jLAw6HCtcKr0"
				}
			]
		}
	}
}